{
  "id": "1962376",
  "name": "no name",
  "font_family": "iconfont",
  "css_prefix_text": "icon-",
  "description": "",
  "glyphs": [
    {
      "icon_id": "8776822",
      "name": "cart_empty",
      "font_class": "icon-test",
      "unicode": "e63b",
      "unicode_decimal": 58939
    },
    {
      "icon_id": "8776823",
      "name": "cart",
      "font_class": "icon-test1",
      "unicode": "e63c",
      "unicode_decimal": 58940
    },
    {
      "icon_id": "8776842",
      "name": "search",
      "font_class": "icon-test2",
      "unicode": "e63d",
      "unicode_decimal": 58941
    },
    {
      "icon_id": "8777509",
      "name": "arrow_up",
      "font_class": "icon-test3",
      "unicode": "e658",
      "unicode_decimal": 58968
    },
    {
      "icon_id": "8777510",
      "name": "arrow_left",
      "font_class": "icon-test4",
      "unicode": "e659",
      "unicode_decimal": 58969
    },
    {
      "icon_id": "8777511",
      "name": "arrow_down",
      "font_class": "icon-test5",
      "unicode": "e65a",
      "unicode_decimal": 58970
    },
    {
      "icon_id": "8777512",
      "name": "arrow_right",
      "font_class": "icon-test6",
      "unicode": "e65b",
      "unicode_decimal": 58971
    }
  ]
}
